['the real one: If I fall, they all fall.', 'united we are strong, separated we fall apart', 'They compete, they have fun', 'smnnh bn', 'leg bug', 'mat; left right left right', '1 person can stop cooperation', 'read my name'],
['That meow at the end had anger', 'HAVE', 'MEOW', 'The meow at the end he was like MEAW', 'how comfortable is that couch ?', 'me be like', 'That meow at the end', "It's just true cats are so random sometimes", "Nathan don't you do it MEOW", "the last meow has me sent I can't breathe"],
['He said oh yeah ight', 'TALK TO HIM NICELY', 'Pov: my mom when I had to help her fix sth', 'You apologize to him right now! Hes doing his best! Lol.', 'Cat went: Oh my bad homie', 'pov my dad when i have flashlight', 'He cannot work under this pressure', "He's gonna talk about this in therapy one day", 'Aziz light', 'Me and my mom when we try something alone'],
['Am i the only one who watch all the video', 'pov: your singing in your head', 'the fact I still know the lyrics to this after not listening to it for 7 yrs', 'Not me singing along with it', "Doesn't it happen to them that while they listen to these videos they get hooked and sing it?", 'Justin Bieber', 'because i have seen it all', "I don't know about you but it's relaxing", 'I love that I respect the times, be silent of the song', 'wow!'],
['omg', 'Tallest couple on earth', "im not that tall when im with my younger brother dj ( he is 16'0 )", 'Dude am 54', "I'm 190 cm and felt tall.. not anymore", 'So you prefer tall guys, right?', 'Its hard to tell the height when the camera is in a weird position or the camera is set to a weird function', 'Her brother has zero facial expressions', 'You Said you were 6 foot 3 like 5 months ago', "he's 6,8 and plays for gm"],
['this will definitely put me in a coffin', '@Bogdan IBMFamily definitely tries with @Danu Vlogs', 'The magic stairs', 'hands down the funniest', 'early', 'hi am spedirmen', 'OMG', '@cai tr0p bon'],
['I love it', 'please horror', 'I love this so much', 'aaand now i cant sleep', 'glitch pls', 'So satisfying', 'Pizza', 'creative', 'ASMR', 'anime'],
['R.I.P.', 'grandma says she did this more often when was young', 'Sauce?', 'grandma woke up and decided to choose violence', 'super man', 'sooooo baoooo', 'me wwn i go ultra instinct', "y'all speak emoji or sum", 'my grand mother', 'babushka aint afraid of nothing'],
["bro didn't get picked to defend Dave so now his getting sturdy", 'you you you you you you!', 'blud go back to your work and defend dave', 'ayoooooo that 100 sun got him geeking', 'w song', 'My honest reaction:', "in 3 hours the guy has 200k I like it, it's deserved", 'The clergy', 'my plant vs zombie prfr c le gw2', 'Me in a plant vs zombie level behind my screen'],
["I also use CollaNote for regular note-taking. It's great for university.", 'I have android', '@+ wie clean', 'Which iPad is that', 'hi what ipad is that', 'Notability is almost the same as Good notes and Free', 'is there collanote on samsung??', "can't find colla note", 'step one: get an ipad', 'Another reason i want an ipad'],
['Well its my turn pops', 'Well its my turn pops has me dead every time', 'WELL ITS MY TURN POPS', '2015 s the nicest', 'Ate and left no crumbs', 'he voice makes it so much better love it', 'nice', 'Not @Markell Washington', '"...Well it\'s my turn Pops" \nIt your turn Girl... Go Girl!!! .. Kill that beat', 'The drop after the  well ig my turn pops  is crazy hard'],
['in Indonesia, there are already 999999 parts', 'still have alot of work', 'I regret selling it for 5 million', 'Me watching this: \nmy bike who is waiting for me to restore it:', "Well, the color of the car is sanded clear so it's cracked", 'neighbor: this is a new motorbike', 'if it were me, maybe I had forgotten the circuit', "@ don't ask if I'm missing, I'm watching this", 'What is the liquid and substance put inside the tank to remove the rust?', 'awesome'],
['you have potential you will be better then gordon ramsay some day', 'He kind of looks like Gordon Ramsay', 'Gordon Ramsay should hire you', 'He also thinks gordon ramsay', 'bro thinks hes Gordon Ramsay', 'He also thinks Gordon Ramsay', 'Bros acting like hes Gordon Ramsay', 'never once did I expect Gordon Ramsay to use a Justin Bieber audio', 'Maybe one day Gordon Ramsay might duet you', 'we might be witnessing the next Gordon Ramsay right here folks!!'],
['My husband told me this last week. It takes time but Im managing this new way of stopping the car', 'jv keep depressing the clutch first squarely', 'dj dj kestu crazy in socks', 'yes and then you just have to do it a micro second too late and you stall', 'in socks: NEVERS !!!!!', 'You have to put on shoes dj', "No thanks ..\nI stay as usual clutch then brakes. it's like 99.99% have Passed the permit.", 'Even less without shoes', "IMPOSSIBLE to get used to the right way to do it's the clutch that toasts first here", "It's the same thing"],
['cute', 'love\nq', 'cute', 'hehehe', 'nice', 'I love cats', 'Holy moly', '@Stephanie Campbell lol', 'wow'],
['I miss new york', 'my dream home', 'I know this will be awesome', 'Favvv place', 'love New York', 'Im going this weekend', 'i miss nyc', 'Astounding', 'I wanna live there so baddd', 'One day'],
['Im sorry but to me this looks like a transfer thats going to fail', 'giving him number 5 is outrageous', 'Mbappe Bellingham vini in the same team', 'Love', 'RONALDO NEED TO COME BACK', 'could of came to spurs', 'People comparing him to zidane after like 4 years of being known is criminally insane', 'in 2 days there are all the girls who will buy the jersey', 'The jersey it is Uncriyable', 'Le number 5 du king Zidane'],
['but wesh tt suits him c a madness', 'The blatant thing is that everything looks great on her.', "Everything suits him, it's abuse", 'You just feel everything', "That's it you realize that when you have a beautiful head, cutting them won't change anything", "everything suits him it's a madness", 'We talk about it that everything is fine with him', 'we talk about her that she is beautiful even with every hairstyle', 'all haircuts suit him lol', 'after she is super beautiful so necessarily'],
['Bro called me broke in ice language', 'can i get some ice. sorry i only got coffee and glitter unicorn rn', 'Guys, I think she likes ice', 'Friend : can i have some ice?\n:Sure,whats flavour?', "don't u think that's too much chia seeds for each ice cubes?..", 'i love ice', 'Ice', 'bro do you have ice cubes? yeah, I got coffee, unicorns, seeds, strawberrys, my soul. Whatd you like?', 'HOW DO YOU FINISH ALL THEM ICE TRAYS IN THE FIRST PLACE', "@Laurencia Lah'kay heaven"],
['I saw until the end even though I had curly hair above my neck', 'if i do this my hair does n', 'pov: you watched the entire thing and your hair isnt even straight', 'If I do this, the hair will give a n..', 'Her hair is so silky Wthh', 'Step 1: have amazing natural hair', 'Thats not hair thats WATER', 'but the reason why i use a clip is because i dont want to use a rubber band', 'different hair different results', 'What a beautiful hair I love it'],
['No way', "I'm dead", '@maryuh13122000 xD', 'so true', "I. don't. know...", 'HELPP', 'so true lol', 'for real', 'How cute', 'Meow'],
['@nik WHAT', 'With', '@talea was???!!!!!', '@lilo omgomg', 'finally', '@victoria WHAT WHEN WHERE', 'Im still at "SHE IS JUST A FRIEND"', 'Yet for them in the show it was 9 months', '8 years ...', '@L :) WHAT?'],
['BRO HOW MANY GIRLS YOU GOTT 10000', 'the guy looks like my cousin', 'Who else Thought it was Bailey. just me....', 'baily', 'it is  my spolid sister', 'Def @Princess Amelia', 'Nevada', 'ELLA GURLLLL', 'look at her face at the end it ellaa', 'Its Nevada bc if you search nevadas name then he did the same to her'],
['Plsss someone remind me!!', 'Please update me', 'LET ME SEE THE BABY COW PLEASEE', 'Part 2 please', 'remind.', 'Remind me please', 'THG ME WHEN THE BABY COW COMESS', "can only imagine how smelly that's going to be", 'People are doing too much like a cow in the house be fr', "doesn't the stool stink?"],
['I want one jor\n..or I wanna be one of your agent', 'Hey sir give me one', 'I want one', 'I need one also', 'Samsung in any day...', 'I have 1.5m', 'SAMSUNG THE WHOLE WORLD NO SIZE', 'what is the cost price???', 'pls i need one', 'what is the price in Nigerian currency  please'],
['no', 'juice', 'I LAUGHED SOOO HARD I WAS EATING', 'he was holding it for the right time', 'Wow, this', 'bro got revenge', 'juice', 'respect', 'you make my day', '@Inosuke aha xD'],
['Come', 'good thinking', 'Wow', 'i want one', 'omg', 'he is very smart', 'big brain', 'little if tilin', "I don't eat 1 day if I eat that ice cream", 'if i made my own ice cream lol'],
['last', 'this', 'Wow', 'The last one he did a side eyes', 'Soooo cute', 'this is great', 'The last one he said to himself: this smell is strange', 'the last one', '@<3 jpp', 'aww that poor cat whose paw was being eaten'],
['that looks crazy', 'doing mine with Vodka. 1 cup of water maybe 2 cups of alcohol maybe all alcohol lol .poolside', 'I did like the...the.. the fruits', 'You should have added some grape or cherry  Jell-O!', "it's needed vodka inside", 'why will i go through that stress just to eat my fruits', 'Grande idea great idea', 'did u have to use 5 glasses..just to pour all in one bowl?', 'Come on out *pitch voice* that sounds so funny ur voice', 'Just put the fruit in directly why use 16 other little bowls.'],
['pls do 20 kids bedroom design', 'That room is the size of the apartment where I live where I put the dining room', 'Carais until the room doubles in size', 'why do they always enter the walls, why', "How do I make them stay 8 years old for about 10 years so they don't grow?", "Good idea if you want to divide your room into two floors but at the beginning it was a normal room then it was twice as high, it doesn't work", 'and how are they going to open the window that did not change', 'I feel like this one would actually be cool lmao', 'What size area would this room design be ideal for?', 'I if you saw money:'],
['Q teacher', 'THE ONE PIECE IS REAL', 'impossible....', 'How can I join', 'bro i have to go there', "gol d Roger's treasure", '@Lure :0', 'i would i to join this class', 'If youre one piece guy, you gasp like me', '@dememer is next years plot twist bro'],
["That's my birthday year and month", 'Broo no cause FR', 'Thats birthday', 'Or 1999', 'finding that 2013 casserole', 'My mom find something it was expired in like 2018 and it was 2022', 'my grandparents had a ketchup bottle that expired may of 2010', 'They just want to save it for u', 'this is so real.', 'Its fine, Its sealed'],
['super cool video', 'HI', 'Hello', 'Hello', 'super cool video', 'I thought u were talking about this sawyer @sawyer', 'super cool video', 'HI', 'Hello', 'Name 3 nirvana songs'],
['Fantastic movie, very underrated', 'The Muppets take Manhattan - killer movie.', 'Now that is what absolute trust looks like', 'Killer Tomatoes, great movie', 'Das Hunt for U571... One of my favs', 'Power Rangers the movie!! Love it!!', 'hunter killer is the name of this movie', "wow! all these movie names I've forgotten. I'm going to rewatch all of them.", 'Awesome special effects', 'very good movie'],
['when i press the brake 1st. i can feel the buk buk buk', 'water', 'Clutch first on emergency braking so that you do not lose control of the m/vehicle', "if you're new that may be the right way to do it", 'Chair', 'Depends if we are rolling or coming to a complete stop', '2', '555', "when I'm stopping I just throw it into neutral", 'Got a little distracted with those dr eggman shoes'],
['Giants causeway in in northern ireland', 'NIALL HORANS HOMEEEE', 'i live in Ireland !!', 'The square', 'Nice\nThank you for your sharing\nThank you\nreally great\nvery good\ngood video\ngood information', 'When I went to Ireland it looked nothing like this', 'What about darndale', '@sydney  i knew before i even watched the first clip this was gonna be good', 'Giants causway is actually in nothern Ireland', 'Hello'],
["that's really cool", 'm k ph t ph', 'va', 'harry maguire goalkeaper', 'Anytime I hear this song', "you don't know", 'The best keeper', "I'm sorry in the game", 'i just love the goalkeeper', 'Ht with'],
['Tough love', 'He made amind', '@hazelnutpuff.86 jill Vs tomat', 'DAMN.', 'Im the same as the sister though', 'She is like my sister', 'RESPECT', 'She will a better mom', 'me and brother', 'Tough love'],
['The dog said B help', 'WOW this cool', 'So clever', 'that white button is a top priority', 'So smart husky help wow I like it', 'The first one was personal', "she's so smart", 'Lil shine', 'Sapphie: lets kick this emergency off with B!', 'The first one got me'],
["bro run's better than naruto", 'She tried to go Sonic mode', '@ DUUU LEZTNU BECAUSE OF VANESSA HAHAHAHAHHAHA', 'drink less', 'extra style points for keeping your balance for that long', 'i feel u', 'sametime life not unfair', 'sheesh hahaha', 'zilong', '@ashanel song tan t .'],
['Oh they arent?', 'they said they were going to live in Maui but they only live their for like half the year then the other half they live in castle house', "everyone's just here", 'I like that in the Castle house people usually have shoes but you said no to having shoes in your house', 'Just watched the vid', 'SHE IS BUYING THE HOUSE!!!!!!', 'so happy why', 'The guy is so zesty', 'good thing', 'All the Nike socks'],
['yeah y not', 'yes', 'What article do you recommend?', 'How to buy second 1?', 'how can i get it please', 'can ihave the 3rd one', 'how des the second one work????', 'what kinda damage r u supposed to do with the ring', 'I need one, how can I find it? I need a ring', 'Wats one?'],
['Why is the search submarine found', '@amanda bro did not land on his feet', 'The way he rolled down', 'Cat got 8 lives left', 'wouldve been a bad accident', '@Audrime falling on new years', 'This reminds me of the WII bowling meme of the dog spinning.', 'all 9 lives flashed before its eyes', 'his little feet thought he was still running', '@ THE CATTT'],
['in you see paradis thes is nathing sorry world', 'l love nature .', 'PRECIOUS', 'beautiful', 'Nice of natural', 'amazing thank you', 'nice', 'Kansas City', 'beautiful', 'beautiful'],
['Me luva luva', 'beautiful', 'Damn', 'wow', '#TeamNoSimping', 'It was quick but I did it', 'Gorgeous', 'Rock it', 'New follower', 'nice'],
['good striking', 'sad duck', 'So cute', 'my', 'Knock', 'Attack speed 99% Damage 1%', 'great', "I'm crying", 'lol', 'like it'],
['super good', 'super', 'Lovely', 'Very nice!!', 'the kid', 'so cool', 'wow', 'perfect', 'Very good', 'Dam'],
['Legend says they got straight As', "@S U L D A A N I'm not sure", 'we find the solution', '@alexis_alex_ii matric endezih kalhone ayitalefim', 'Danger', 'legends', '@ me and my friend', 'me and my brothers', '@~ ake amen', '@Serlito. haha tips'],
['bro', 'He catch him', 'I respect', 'respect', 'Good Brother', 'Good kid', 'W manz. When he grow up he will be a W manz', 'good sibling', 'respect cute', 'Awww such a good brother  wish my son was like this to his litte sister'],
['wawww things break when you use force to break them', 'bro is super billionare', 'bro gonna get banned from Lamborghini', 'Can you say: loosen all screws and brackets', 'painful to watch', "It's basically an Audi with a different set of clothes", 'Ford', 'wait until nokia create a car', 'Bro got that Lamborghini off wish', 'how does bro get his hands on these cars'],
['everyone:[wicked]', '[wicked]', 'my honest reaction', 'It was so he doesnt put her money on his card', '[wicked]', '[wickedness]', '[wicked]', '[wicked]', '[wicked]', '[wicked]'],
['Nope first is Gas then hand brake', 'please clutch brake', 'before you come to a complete stop, hit the clutch gear and neutral and slowly hit the brakes', 'Clutch, neutral and brake alone', 'emergency time ,no time for clause', 'Wrong 1-clutch 2- neutral and 3-stop pedal', 'Yall know u can break first it doesnt matter as long as you dont stop', 'Clutch- Neutral- Brake', 'I guess I instinctively do whatever the situation calls for', 'Thats using the motor to help'],
['"You may not rest now, there are monsters nearby"', 'Have you heard of a 1x2 hole in the ground?', 'My PlayStation is hacked and I see herobrine in my Minecraft', '4/10 or 5', 'You could also make a storage are below the actual house aswell', "is anyone else happy that quick minecraft build videos don't have bones playing as the only song", 'dude made roblox styled house in Minecraft', "I'd use the bottom for storage", 'Starter house but I wouldnt be able to build it after I finish game', "that's not starter house, that's the normal house"],
['Im sorry', 'nice', 'All so top to', 'Hi yoy', 'beauty', 'He', 'I dont think we have to do it anymore', 'Soooo funny', 'today you are the most beautiful', 'The only way'],
['waheguruji', 'yeh indian Punjab ha??', 'May god bless the people', 'This is so sad when stock destruction works like this people dont even get a chance. God bless them all man. Amen.', 'waheguru waheguru', 'where it happened??', 'GOD BLESS EVERY ONE', 'agree with the caption', 'Omg USA', 'waheguru g'],
['im telling my kids this was big time rush', 'i love the beatles', '@martart008 @Andrea i need bro', '@C Bacon i have an idea', '@b this is such a jumpscare', '@crybaby @:) @ mi casa', 'piso4', 'cmo q no eran 3 karl?', 'Bro is living everyones dream', 'i had to do a double take what'],
['@2', None, "It's like this", None, 'my brother is also afraid of those things', 'hi t hi t ri', 'y l have s nht', "what you! I'm afraid it will touch the fly", None, 'Ting ht th tht bar ( th th th th th th th t t h e s o r e s t e t e s )'],
['I know russian', 'Omg she is so pretty', 'do poland', 'people offended by the road sign', 'AYY SHE SAID SQUEEGE', 'I speak Russian tooooo', 'Balkan stop sign', 'Bad time to make this tbh', 'more russia and english video please', 'There so cute together'],
['I.think he should leave her', 'Dude was not understanding the assignment and was too nice! She needs to go', 'Stop he was so kind', 'I hope he finds better', 'She didnt gotta do the mans like that', 'Tortas wilding', 'these are my favorite videos but its harsh sometimes', 'Nah thats crazy this men to nice', 'ooo', 'kno'],
["it's dangerous oh", '9i', 'Health', "it wasn't easier to have yelled at the girl to disappear since at the very end after the kick she teleports."],
["I don't know what language it is but I understood a lot. I am Polish", 'wow', 'Yes', None, None, None, 'Same', '@Tamzin Buck I want this', 'nice', 'MY FAVORITE'],
['9/10', '10000', 'Yes', 'what resource pack do you use?', '8/10', 'Cool', '10/10', '@RosMexican99 look!', 'I love it', 'can you do a mansin ?'],
['Hes so cute', 'Great!', 'Cute', 'AWW', '@Daniel bunny', 'this', 'So cute', 'LOVE IT', 'your so cute', 'LOVE,'],
['Hello', None, None, None, None, '95', None],
['Add', 'the goat', 'wow wow', 'blue', 'Goat', 'yes', 'I dont get it', 'related', 'watch till the end', 'messi vision'],
['Respect!', 'im crying', 'good evening', 'Ciara', 'wow', 'he is perfect security', 'oh my gosh', 'bruh', 'Total respect', 'the police man is respecting i can,t ...........so,,go,.........od'],
['so cute', 'so cute', 'so cute', 'So cute', 'very cute', 'cute', 'so cute', 'SO CUTE', 'So cute', 'so cute....'],
['naaaawww', 'it', 'bhaddie', 'js like the amount of likes u get on ur videos for playin a game . gtf', 'brb buying all those clothes', 'wild', 'she looks so good but theres some UPS AND DOWNS in life'],
[None, 'Eyeball', None, '13.3m', 'Sergio Ramos is now Goalkeeper', 'Rootbeer', None],
['The pfp always be catching me out', 'U USED TO CALL ME ON MY NOKIA', 'How about the song do better by cuco', 'the pfp', 'couse this song is amazing', 'what typa cat is this i want one', '@. . . . when we meet and if we live together we are getting a cat and you cant change that', 'Soo cute just started following', 'I see u rocking the cat lol', 'I put the new forgis on the jeep'],
['maybe he was coming to check the shape of the hair style', 'bro is in Pains', 'The beginning is the end.', 'foloving fliz', 'hair', 'where is hair', 'gamers looking for a GTA barber in real life'],
['Hi', 'wow', 'best', 'wooow', 'Water', 'incredible', 'This', 'perfect', 'easy', 'Amazing'],
['hits you in the eye', '67 thousands favorites and counting lmao', 'Fruit and balloon I can see that but there aint no way its going into a metal door good try', 'ahhh you shouldnt have shared how to make this', 'On A', 'Wow I cant wait to impress my friend thanks i never had made this by my self', 'really...in a metal door..lol', 'That the laws of physics', 'I doo ia soo cool but i trow antil my dad angray', 'i just lost one paper'],
['From aa', 'This breaks my heart', 'nooo', 'Dj it fake run away as soon as possible', 'The kid even laughed', 'Bro it almost look like the little bit', 'me when my mother tells me to bring something', 'Rich to poor', 'funny', '@tyroneomarjamal nah'],
['Lol', 'nice', 'hey', 'HI', 'Cat', 'the music', 'apple', 'meow.', 'Pizza', 'Hello'],
['the struggle is real.', 'Shes acting just like me', '@mss___diaz Tartib yqei', '@ what going on', 'Me in the gym', 'Vietnamese people believe', '@L I Y A  strees membe', 'and I eat it', 'the water:-', 'Relate'],
['what the hell', 'I save like this is going to be useful to me', 'Frrot ties his shoelaces politely', 'tutorial?', 'what if I shat on the shoes', 'I like this', 'Interesting', 'ASMR', 'You need longer laces because now you cant tie them', 'formidable'],
['everyone:', "it's how there is a line of people and they side eye her", 'my social anxiety would never-', 'the people:', "they don't look impressed", 'imagine waiting for your bag and you see this', 'i just wanted to take my luggage...', 'I like how all the people looked and was embarrassed by default', 'bro how do you get the confidence to do than my anxiety is so high eight now', 'The people in the background be like:'],
['what a sad one', 'my beshie is wrinkled', 'Girl is better than me', 'batmalungkong Angbeshyko', 'eh eh eh', 'Back flip!!', '@time to leave kerenn', 'o my good', 'wow', 'Lol!!!'],
['pls', 'J please', 'Pls do D', 'L pls', 'i plsssss', 'I made one about sam and colby but still no veiws:(', 'P.please', 'Z please!', 'can you J please', 'Plsss A'],
['Its the HELL NO reaction for me', 'Run Babe Run', "You mean Feathered Dragon!? I run like that everytime I'm around chickens  Little legs and all!", 'What is you ?', 'he is smart', 'Adorable', 'ahh too cute', 'dinosaurs are scary', '. farm boy... great', 'He said gtg'],
['wow', "bro thinks I'm the factory\njust buy a $4 case", 'Hahahahahauua so funny I love this iPhone!!!you should sell it and I will buy it!', 'part 2?', 'That stuff is more expensive than the actual iPhone itself. If h have that much money just get a new one(joke)', 'I thought she was going to break the phone', 'Just buy a phone case.', 'Home made iPhone 14 for the middle child', 'Glue looked like smth else', 'at first I thought I was going to break it'],
['can you drive it?', 'why is that car so cute', 'it looks fun', 'It looks real', 'do a drive clip', 'Song?'],
["I did it and it just fell, it didn't come back to my hand like in the video hahaha xd", 'her hands...', 'oh aha, and how do I return the video to real life', "uhmmmm....\nsomething is wrong mine went like the lost submersible went down but didn't come up", 'that cool good', "let's put it to the test", 'thanks for tutorial', 'And the measurements?', 'i did test it. and if it works', 'I just made it now, of course I was naive thinking it would go up'],
['It always wins', 'bruhhh', 'random things', 'I did he even try rock', '@_witusss_ XDDDD', 'genius', '@I.LOVE..BOOKS. ambitiously', 'But then the stone will pop out (XD)', "I'd like to give a kiss"],
['Apple Fritter', 'omg this is hilarious', 'egypt too, right?', 'bro said im rrrrich', 'Help u made me split my water bc of water but I cant drink', "I would just admit that I don't know, and therefore can't name 5 countries in Africa, just be honest people!!!", 'You killing me bro \nJust your voice and your face are awesome', 'ooo boii here we gooo', "it's its own thing", 'My favourite country is Pandora'],
['Thank you so much, I needed this today Ive been feeling down lately but your words helped me', 'HER', 'thank you!', 'Had the worst year of my life and battled so hard to get to this point a year on. My mental health has taken a beating, I needed this.', 'Proud of you', 'Thanks g', 'thanks bro.', 'Think you', '2 months clean', 'Thanks!!'],
['its the ages', 'cute !!!! [happy] [smile]', 'meep', 'wow', '@camillee literally you', 'You found a korok', '@@balzieek cuteee', '@Kris HC adorable', '@liyyzi_ LOOK', 'aww'],
['cute', '@ighkg', 'thk bn ng ng tin bt go', '@Z HIEUTHUHAI v Ng kin huy c g ....', 'Thy Kiu l ch, I l Thy Vn.', 'I was running after him, and I got in the way of the other one :)', 'beautiful rt', 'c t'],
["@jvhsnsjxvejsh that's what I'm thinking about puzzles too", 'nice', 'I was hear last week', 'bro is the italian roomare', 'hardwork', 'I relate to this beyond matters man', 'very good', 'ty for telling the truth', 'cup', 'Thats the old clock lol'],
[None, None, 'kkkkkk', 'kkkkkk', '@hey', '@insta:016_ruan_ oh my ...', 'hahahaha', 'erouuuu'],
['Girl I aint have no money for that', 'Awww I remember when she was a little newbornnnn', 'bookie like me ion got no money for that', 'Shes funny', 'She got so biggg omg', 'shes so cute', 'i love them', 'She a mini Wanda Sykes', 'Awww that is your twin', 'bro she look like that lil girl stevie'],
['aww', "I'm so sooooooo sorry  now you going to mack me cry", "I'm so sorry", 'sad', 'Awwwwwwww', 'Awwww', 'HI', 'Aww bless u  x rip', 'awww sad x', 'I sorry'],
['i like this', 'good idea', 'I love this so much', 'Imagine having to climb on your bed to get your clothes Id never make it anywhere  bed be calling me back in it', 'Game name pls', 'give me money for that', 'What if we dont have a tiger', 'name game', 'no one gonna talk about their clothes in 2nd floor?', 'for 5'],
['there is more then 3 people living in Thurmond', '4 1/4 hour drive from my house to there', 'Sidebysides have license and insurance?', 'Back in the 60s, they had a Jr. High here. I played their team in basketball  I played for Mt. Hope', 'Have you done one of these on Bramwell?', 'The bank looks like the one in Welch WV', '41 minutes away and I might finally get to go.', 'I believe they made a movie here', 'Love Thurmond', 'Oh Ive been there is was so cool!!!'],
['Sniper', 'Np man', 'sniper!!!!', 'sniper', 'Good eye', 'Well when I was wacthing it I was paying attention to the fall more than the hit so', 'Ik it was just not in frame so I couldnt see it', 'Gracias', 'bro I freaking love advs', '@owen which'],
['Use brakes', 'Ill just get an automatic thanks but this was a cool vid', 'love a manual over automatic any day!', 'My dad taught me how to drive one at the age of 10 and love itt!!', 'Ok, good. now how to turn it off', 'why release that clutch fast ?', 'They should make one that does it automatically', 'please make more of these videos. I need to learn how to drive', "you're not using the clutch balancing properly, it's too fast", 'Its the going thats hard. I stall it when I try. The rest I can do fine like changing gears and stuff. But Im an automatic gal because eff that'],
['channel: How ridiculous', '@: [slap]', 'Wow', "I don't play drums, I'm a drummer and I don't even have drums... could you donate them to me?"],
['Can yall do yao king ?', 'These people have to stand there and stare at nothing and act shocked', 'Hes 73', 'iamgina wue mido 1.46', 'He 72', 'ohh my so tall', 'If i was 7,1', 'Am the same as the youngest hight', '40', 'Hes 73'],
['Cool', 'Nice', 'the heat seekers are working great on this one!!', 'You are stunningly', 'amazing', 'wish i was there for that', 'your sweet', 'Crying while reading these comments', 'wow wow nice', 'Yeah let them be free'],
[None, None, '2018', '10', '10', '20', 'ozbechilide'],
['1000 more hp then mine', "but still can't put that power down", 'Dayummm', 'Sweet Jesus', 'I need this in my life', 'I thought it was a stage 2 build 5.2', 'gotdamn', 'COUPLE twin turbos?', 'Laughs in E vehicle', 'That V-tech is insane!'],
['Mission accomplished by Agent Khaby', 'Awesome bro', 'wow', 'honor', 'Legendary', 'nice', 'from', 'support me', 'the best', 'Hiii'],
['so many kittens he will throw to fate', 'heaven?', 'chce te koty a si popakaam', 'what if you cut them all and one is left?', 'I would take all', 'Jeju and they are the same left after all it is tiny', 'please give me one', 'wow', 'and I get shivers/shivers', 'help them  please ! take care of all'],
['Goodest pups!!!', 'The real Paw Patrol!', 'So camper is a pro', 'No shoes?!?!', 'I wish I love my job this much!', 'I like to think of each of these dogs as characters in a mountain heist with each of them having quirky personalities suited to their specialty.', 'All the mal wants to do is work', 'Camper looks like a wild child', 'camper is READY', 'Hear me out. Do a charity event and set up photo opportunities with each dog. All proceeds go to well them haha. Just think about it please'],
['Strong woman', 'Its the wave for me! Amazing', 'Awesome like his momma', 'Wow', 'Same here', ',  3-,     2', 'Goals baby', None, None, 'awesome'],
['she starts in english?', 'wow love her  England', 'They should make a LIST of things that bother them', "don't leave those Karen are the same all over the world !!!", 'she started well but at the end WTH??', 'I got to know what is she saying in Germany', 'I felt like ww2 just kicked in', 'Well that escalated so fast...', 'You may need an umbrella eventually lol', 'why the insults'],
['Wow your baby is a big baby', 'how do they do that?', 'u most not do that because the BBY can drink the water', 'Nirvana Nevermind', 'Nevermind:', '"swim, survive, enjoy"', 'Whats everyone so mad abt', 'Baby instinctively knew exactly what to do', 'swim, float, swim=\nSURVVE=', 'Nirvana ?'],
['just a question when can I stop constantly holding my baby when in water', 'so butifull', 'so cute', 'Water spirit', 'she is very\ncute', 'how cute', 'song title please', '@Alexis alex baby', 'how do you know if the baby will breath in the water?', 'oh my.'],
['Omg..', 'Ppl acting like this isnt Hispanic food', 'Wow', 'me :singing bout the cheesecake', 'What cheese is that', 'Very good', 'Yammmeeyyy love it', 'Ingredients please', '@skylerbrendle152 make', 'tHaT lOoKs So GoOd!!'],
['perfect', 'super star', 'hard work', 'absolutely gorgeous', 'cool b', 'wow', 'hii dear', 'wow', 'Miss Flash', 'follow back'],
['all dreams have a meaning my dreams', 'I win it', 'Thats cold', 'it looks like we do shows', 'good bro', 'Hola', 'music name?', '@Eric.m @Alex @ us asf', "I think that hoop is 2.80 meters from the ground with that height, even I'm short of it, he's fixing it", 'omg Bro basket'],
['follow back', 'smooth', "that could've gone so wrong", 'Broske has Inf rid', 'bro have ultimate rizz', 'Ahh this is too cute', 'cute', 'love is blind', 'oh master rizz teach me your ways', 'Aww so much of romance'],
['Where the hell is Lynn?', 'I thought the Generals were due!', 'bro got violated by the handshake', 'I remember seeing the Harlem Globetrotters around 30 years ago and they were amazing', 'support koro please', 'legend', 'nice', 'I like how he can play with the minds of others', 'Thats duke Dennis', '[TicToc]'],
['I need', 'so beautiful', 'Eyes', 'Thank you', 'Love it!!', 'GOOD', 'An', 'ingredients: chocolate cookie\nmelted butter\neggs (separate the white from the yolk)\nflour\nmelted chocolate', '@Kylie McKenna please', 'Nice'],
['THE PAPER OF DOOM', 'minecraft tutorial', 'pls sound', 'Why is the sound making me laugh so much', 'I sell real ones at work-', 'Can you do deathshard?', 'Bro be making everything in origami', 'slow down version please', 'this goes in the save but never make', 'can I have ot'],
['MEEE PLEASE', 'MEEE', 'Me please', 'Meeeee', 'me pls', 'meee next pls', 'meeeeeeeeeeeeeee', 'pick me please', 'meeeeeeeeeeeee', 'yoooooooooooo'],
['@maya chicago bears looks like harry styles w ******', '@chelsie @leighann\nI SWEAR', '@just that guy THOSE pictures of me', '@lexi!ong', '@syd <3 @cali foreheads', '@elin that one picture of me in 7th grade', '@yuri we know tm of each other..', '@calypso/cappy only reason i keep u around', '@mia every grade **', '@hi 7th grade'],
['I miss my ex', '@renzotorresbisso what do we do if maya is like this', 'cute', 'all: what cute kitties\nme: what a great editor', 'all type: oh how cute and fun and I stayed: wait are the many well?', 'The kittens are so cute, that I will fill the house with them', 'Me if I were a cat:', 'I saw it with my cat lol', 'I love cats sm', "omds when I'm crying all I need to watch Is this it's so funny"],
['The girl: what I came for was this', 'she not playing', 'La Nia started like this and ended like this', 'one is strength and the other agility', 'she looked at you like "? I didn\'t even do anything"', 'The boy in the red cap was very surprised just like me haha', 'She look at the camera like I told you I was go do it', 'Esooooo', 'how old is she?', 'what I came for was this...'],
['saved the best for last I see', 'This will knock their socks off', 'I go to Hardys', 'this is so on point', 'WEOW', 'was it Krispy?', 'Got me dancin', '@Tru.son THIS ATE', 'real talent.', 'Slaps'],
['the sound', 'I love the song!', 'dear God', 'My heart will go on?', 'game name', 'amzing', 'tell me howa longer us the wall', 'Ludoviko enaudi experience pls', 'pov: u see for memes', 'game name pls'],
['I love them', "I have a question, do you have insurance, I imagine so that you don't get a melt from bending it when you lift it", 'yeah... bc im broke?! duh', "ma'am i need them to go in 5 increments i can't lift 10 lbs then double to 20", 'Youre assuming I lift more than 10 lbs', "yes because I can't lift", 'poor mailman', '$375 is a decent price', 'I hope that locks well cause i dont want a plate to fall on me face mid rep lol', 'Retirement money with a simple idea'],
['Single single single', '@Alexis alex nuro bezede', '@Alexis alex', 'pretty smart 1000IQ', 'I taught it was gonna get spilled', 'like my comment', 'Bro is ironing Jean', 'the cheaper the better', 'great idea', 'this man is genius and smart'],
['Beautiful', 'cool', 'the judge with a black cap reminds me of the protagonist of a Netflix series called Blind Spot', "the voice B are twins. Love their beauties and talent but I'll go with the voice A specially the screaming part", 'The Voice', 'My favourite song', 'is the screaming for me', 'oh wow', 'the screaming for me', 'B nko una dey whine my data'],
['how beautiful', 'i remember her n her dad beat boxing years ago n it went completely viral', "I mean yeah she is okay and it's entertaining to listen actually but dk why she is like...everywhere? Is she someone famous?", 'Pentatonix, you have your second beat boxer here', 'I think she is very good in both years 2015 and 2023', 'I like the beginning of the beatbox', '2023', 'she set the record n she has broke it', '@nalli how', 'wow'],
['l like', 'wow', 'Oh, my God', 'Bro got skills', 'foodball', 'good luck', 'I love soccer', 'if I tried that I would become the goalie', 'no is ronaldo'],
['@vals.11 basically how it works', 'I was that psycho closer', '@im_delaney__ koryns the pitcher that saves the game', "I listen to it cus I'm a shortstop", '@unknown246467 our damn team', 'The shortstop in the background', 'Its me. Im psycho closer.', 'Nice video bro! How did you come up with this?', '@j_clam23 true?', '@athlete_bella1 Ive been in all of those situations'],
['Marshmallow eats a marshmallow', "It's been like 6 or 7 years since I heard ALONE by marshmello", 'I LISTENED TO MARSHMELLO AS A LITTLE GIRL AND THAT WAS MY FAVORITE', "Marshmallow but that's cannibalism", 'marshmallow ate a marshmallow', 'I FORGOT ABOUT YOU', 'He upgraded himself from DJ to chef', 'that sound he make in the middle of the video', 'I used to listen to marshmallow all the time and now he cooks?!', 'OMG I completely forgot about marshmallow I remember the good times'],
['Hyunjin!!', 'the', 'I LOVE THIS', 'i died', 'Aww', 'how handsome', "I'm dead", 'cuteeeee', 'so beautiful', 'so adorable'],
['wwwwaaaasssss', 'luckiest man alive tio dodge that tackle', 'so beautiful', '!local', 'Football', 'No one talking about the defender was gonna do a flying kick if he did a header lmao', '@Prznathan the mm tonight son', 'ufff kings league'],
["everyone thinks it's funny but actually it's a big problem if u bump ur head.. there's a chance that will effect to ur brain.. and can lead u to death", 'I know how it feels', 'cloud', 'time to shine', 'laugh wan kill me', 'my best sound at the moment.', 'This sound never fails', '@Alexis alex by', 'They will not sleep in the house today', "I hope she's fine"],
['Crazy how I made this same mistake yesterday n now Im seeing this', 'whay?', 'I will never learn, damnnnn uu normal gear', 'I do c and', 'hit the clutch way too early', 'Song name', 'If they brake the same why shoes it matter which is correct', "always Brake pedal first..it's fine if you're late at clutch and the engine stalled..every steps take milliseconds of judgement", 'should be giving yourself much more time to break than that', 'its definitely break first then clutch do yall have license'],
['In Hoc Brothers', 'Song is a classic track well done', 'what song', '@LILA TUFFFF', 'legend', 'In hoc boys', 'Theyre not enjoying it enough', 'In Hoc', '@The Grace Gray song do fire', 'you being in sig chi makes all the sense in the world'],
['The legend says that whoever has the money to do all of that can afford a bigger space to live', 'WOOOOOOW!', 'design:\nbuget:', 'wow', 'amazing', 'I CALL TOP BUNK', 'wow very nice', 'Love this', 'Love the song', 'loved it'],
['never let them know your next move', 'I leveled the game', 'pro player', 'little nightmare', 'SOCORRO', 'luffy super was going to do that', 'me doing something without any prior explanation', 'Me doing things when I realize someone is looking', 'work hard \nwork smart', 'me in life'],
['Every girl is an angel.', 'the laughs .', 'Like this moment', 'kate is my cousin', 'wish i could do it all over, never realized how precious these moments can be', 'This made me so emotional. I wish I could experience sisterhood like this.', 'aww to experience this', 'Just remember never let a relationship conflict & control your friendships & you wont have to give any of this up.', 'Aw', 'I was like that too on my senior prom night'],
['HI', 'love orange kitties', 'so cute', 'real', 'Same', 'meow meow', 'The dream', '@smiling_tokyo us', 'Cutie', 'HI'],
['Good afternoon', 'Nice so beautiful', 'lindo', 'so cute', 'TOP', 'Hello', "wow that's great so beautiful", 'Lindo', 'amazing', 'wow wow super'],
['I be making people take there shoes off', 'Bye i have 49 dollars what do uou want from me', 'I didnt see a cup holder for my mcdonalds sprite....', "nah i don't think i will survive driving this during zombie apocalypse.", 'technology has refused to recognize poverty', 'Or you could just push the door', 'This car costs $128263636272 thank u.', 'It looks so delicate', 'The only thing Ill be putting in sports mode is my crocs', 'Ok thats the prettiest car interior Ive ever seen'],
['What a talent', 'I LOVE', 'pls pls do crybaby/melanie martinez cosplay with the brown pigtails', 'try to cosplay gus from sweet tooth and I love it', 'the Danganronpa pose at the end gave me flashbacks', 'AMOO', 'pebble cosplaying danganronpa was smth i didnt know i needed', 'slay', "junko y marfa I couldn't believe it", 're'],
['life no hard', 'the design is very human', 'Bro doing cardio', 'A person who thinks all time', 'vab for it works', 'Only in Ohio', 'where', 'modern problems require modern solutions', 'Oh come on', 'The design is very human'],
['y am i crying tho', 'amazing bro', 'I love this so much!!!', 'LOOOOOOOOOOOOOOVVE THIS!!', 'Come on!! I love this!!', 'I would have loved this in High School', 'Wow beautiful', '@our school could never', 'I wish', 'I LOVE this'],
['Genius', '@BotCatcher get em', 'Wow', 'Why is this kinda smart', 'Legend', 'He really said not today.', 'Back gear', '@Marcelo Ramirez hahahahahaha', 'When u cant afford the bumpers for the back', 'MISTER BOMBASTIC-BOMBA FANTASTIC'],
['I was so sad when they took the log ride and the tornado away.', 'best song ever', 'Going there today', 'Ong I still go therr', '@Theodore its the only reason why i can stand living here , i met my bf there he doesnt know hes my bf but we are', 'Real', 'Going tmr!!', 'Ayyyy yuhhh', 'im going there on monday for school', 'bro i just went to adventureland today and the monster was wild'],
['@abrillmwuahh SHOW HER THIS', '@ sending this to ur mom', 'She said thank you favorite son in law Im in boys', '@ send it to ur mom', '@jj ima send this to your mom', '@Daysiiiii HOW DO I SEND THIS TO MY SUEGRA?!', 'Sent it to her', '@Sammy  Yk what I might just actually se-', '@show ur mom for me plz', '@RYO  should i send this to ur mom'],
['I could watch that all day', 'This is freaking amazing. I have never seen glass made with centrifugal force before.', 'That\'s really cool. I feel like it would have more consistency with the shape, but doesn\'t have that "made with passion" feel to it.', 'Ooo purple', 'My anxiety as he walked away with the bowl..its gonna slip off!!!', 'Very cool!', 'Thats so cool.', 'That looks like the same purple as my Pyrex', 'That color is gorgeous!', 'Look at that!!!!'],
['Bruv that happened to me the same week I sprained the same foot', 'ball she dropped it', 'This so cool!!!', 'The happend to me today', 'My daughter plays shes 10 above the knee amputee', 'Why are the bases so close together? He look way closer than baseball or am I wrong?', 'You are so brave for playing with only one real foot if I were you I would be so scared! You are such an amazing and brave person!', '40 mph ball', 'what youth and team was that bc I think ik the catcher', '@karina OMG'],
['I want a dad :(', 'Every girl always knows their one person who never leaves her in any condition .. i.e. father', 'season?', '@maddy <3: my dad would yell at me', 'WHY am i crying', '11.3m equivalent', "Father's love is like a mountain.", 'Hi', 'crying', 'cuteee'],
['i love this dog', "OMG it's so cute", 'so cut', 'early', 'Hello', None, 'so sweet', 'Bro why am I going to the same video', 'the whimper at the start', '@miCHEALLL this dog got it better than u'],
['part 1', 'part 3', 'Why does grandma have this ridiculous glasses', 'your fake', 'How would Billy know if he had to go to sleep?', 'Gramma built different', 'Grandma got new glasses', 'Bro tommys like a big snitch', 'Tommy snitches to grandma and billy snitches to mom'],
['boys and flowers', 'Se parese a boys over flowers', 'BOYS OVER FLOWERS Meteor Garden F4 THAILAND', 'my favorite', 'please\nwhat is the title', 'What movie series is it?', 'kdrama name pls', 'so charming', 'i like it', 'name of movie pls'],
['so cute', 'or last', 'the end', 'So funny', 'Nah cause the hose one so dangerous', 'The goalkeeper', '@Gabyyonly reason why I like babies', 'First one lolq', 'the last one washing phone and laptop', 'Apple'],
['wow', 'idol dance so pretty', 'love you [cry][cry][cry][cry][cry][cry][cry][cry]', "I really like you video,but you don't reply me", 'Green screen', 'Hi', 'sooo cute.', 'wow very cool', 'so beautiful', '@ plzzzzzzzzzz lets do this'],
['YESSIR', 'find peace in yourself and love God always', 'Earth', 'I have no enemies', 'Bro has no enemies', 'Literally me', 'i met u tho dog ik you', 'real.', 'Me n @Doelcora', 'bro i thought he said nobody owns you'],
['Hi I love your videos', 'what about wifi?', 'Lemme tag along', 'I wish I lived in a place like that!! Absolutely love it in every way.', 'if I had decent WiFi. that would be the life', 'Thats looks so nice', 'That looks so cozy', 'That looks so cozy ong', '@A? STOP THIS IS MAKING ME WNAT TO LIGE IN A VAN LOOK AT THE END', 'Can you do a van tour?????'],
['v b mh mnh m in th...', 'hi', 'Mnh m mnh m', 'Qu l mnh m', 'mnh m', 'Bald Muichiro', "I'm weak", 'ht hn', 'Ri mnh m d cha kakak', 'Yamate'],
['Beautiful', 'yes Yes Yes Yes', 'thanks for sharing', 'Real', 'I wish', 'so true', 'This is true, if you still have your mother. Please tell her you love her. I wish I could, but she is in heaven', 'very true', 'yes true love my mother I will protect her with my life', 'i wish i could say this about my mom'],
['Ai bnh yn hn ai m su hn - Dng Yn Phi', 'Hahahaha', "Why don't you think twice? :)))", "Can't wait to find out @duccuoi96", "I don't know what to say", 'xin tn bi ht ny', 'I consider this person to be in need of compassion', 'Cun qu', '@bn b sn pig how th bn!'],
['chords?', 'I have this song on repeat x', 'Please release this version', 'love this song', 'My cat is called delilah', 'i love this song', 'these paid or bots in the comments', 'this song is horrific', 'Woooow  I feel it, I love it so much'],
["I'm Ashley lol", 'Im Ashley', 'Ashley? I thought it said actually', 'My name is Ashley', 'Ashley here', 'Ashley is from RE4', 'So my name is Ashley', 'I am also Ashley', 'My moms name is Ashley', 'my name is Ashley.'],
['Soo cute', '@bossmanjorge__ lemme give you a daughter', 'ohh my', 'Aawww with the fan soo cute', 'ofc <3', 'Ty', 'me frr', 'gonna be our daughter watch', 'I love it'],
['@9/26 herra na babe katti cute', 'ha u flinched', 'the puppy really said i may be small but i am da boss here', 'How brave the baby :O', '100 times so i watched', 'made my day', 'small but dangerous, dangerously tender.', 'boy. oh. look for. to the. Miguel. miggguuueell', 'my salary against my debts haha', 'wau the bets bayby'],
['Bro I cant stop laughing bro', 'Let that baby use his mobile potty, wherever he feels necessary', 'HAHA these are so funnnt my kids loved it', 'You scared the baby', 'Bruh this gotta be one of the best TikToks Ive watched today', 'The second got me laughing so hard whyd her fast look like that', 'The car moving with unrestrained children', 'The 10 one GOT ME BRO', 'are we not gonna talk about the way the lady sucked in her belly', 'WHERES WAS THAT ENERGY WHEN YOU NEEDED IT TIMMY'],
['Bro is the chosen one', 'Danmit I wanted to see those satisfying orbes fall out', 'i dare u to find an old i phone n roll it down the stairs', 'I heard a theory that that jar is still rolling', 'not a jolly good show', "He didn't come here to play", 'Jolly good show', 'Oooooooo okay', 'wow so', 'me watching these every midnight'],
['@Melanie Parra Grandma', 'holi', 'and I already eating one', 'neee and me with the flu', 'Look so good', 'I was eating lemon and chamoy right now', 'Me watching this being Argentina (7 years ago)', 'in Hermosillo we call it Chamolladas', 'You know that I am a child and I take prepared michelada', 'where can i get forritos'],
['Help', "he wanted to see what's behind the walls...", 'Same', '@ Awww', 'nice', 'they grow up so fast', 'Kittens', 'so', 'aw', 'Kittens are clever'],
['AT CHURCH IS WILD LMAOOOO', 'I would say you need church but I think you might need some time away for church', 'Get outta my fyp', 'THATS CRAZY', 'blessed by the Holy Spirit with that rizz', 'where were these church boys at my church', 'Bro in pink was flustered', 'i rewatched this 10 times now.', 'only in korean churches @jennifer @cae', 'AT CHURCH'],
['bro you dope AF', 'how beautiful', 'olee hay', 'He fooled me!', 'OMG this cat is the best', 'how strong is worth even the gesture of the face what style is worth', 'as if lol', 'FULL DANCE BRUH!!!??? WHERE IS IT AT!!!???', 'Bro I watch this everytime I come to TikTok', 'song'],
['No...... okay okay lol', '"No"  so cuttteee', 'she sure did love it', 'Too cute!!', 'Thats right sanggggg', 'Yesss vocals', 'This was too cute', '.  So cute', 'Omggg! So cuteee, you betta sing baby', 'Awww'],
['I LOVE THIS', 'wow', 'My new fav!! Keep it up king', 'FOR LOVE MAKE THE VERSION OF THIS SONG WITH UKULELE', 'whoaaaaaaaaa', 'I just love this!!!!', 'my heart fluttered', 'this is becoming one of my fav songs because my nickname is delilah', 'Ive listen to this so many times ik it off my heart', 'I love this song. its on my play list daily. love it. thank you'],
['Love these glasses! Bought 4 pair already at Public Lands in Kennesaw, GA. Wearing them in my videos', 'Awesome ad guys', 'too bad the lense coating comes after a couple of months of use and customer service says "sorry not sorry"', 'Just got back from skating in the Arctic! I Can report, they didnt slip', 'Do these come in prescription?', "freaking love my goodr. even if I'm sweating like a nun in hell, they never slip!", 'I have had 5 pairs now and they are THE BEST! Plus yall have great customer service. My goodrs broke and yall replaced them right away!', 'these are my favorite sunnies ever! i wish i had them in every color!', 'Can I have these but as eye glasses. Pls pls s', 'I love my Goodrs! Please make some neon yellow OGs!'],
["@Ina HaJJi don't run away wllkey", 'Smart guys', '@ Nicolas07 rlk this Monday is right', 'ball froze', 'Not simple but genius', 'always', 'Very Go', 'top', '@IanArellano28 tomorrow in the final the second', 'the first great'],
['Looked like Eli but I also thought @grayson_chrisley', 'Eli manning', 'Little Eli', 'Eli Manning has family in Mississippi', 'Thats Chad effing Powers!!!!!!', 'that is chad powers. he tried to walk on as quarterback for some northern team', 'Manning', 'Obama', "It's Eli Manning...pretty sure .", 'Thats Eli Manning!'],
['I will use iPhone no fear', "thank God I've never used iPhone. am mr. s23 ultra. way too much better than eye-phone.", "I knew that for a long time, I'm a droid user..", 'Me going to throw my iPhone away', "thank Tecno is the adopted fruit because..it's blind and deaf", 'Still na iPhone we go buy', 'Watching with my friends 12 pro max', 'plz do 1 for itel', "it's true. there's no fire without smoke", 'i stands for internet'],
['I listened to all of the songs today and Im so proud of you!', 'I love your smile', 'I love this song!', 'Streaming it on Spotify', 'I think I rank this song #3 on the album, love them all', 'is it Sawyer?', 'Are you going to make a music video for this song?', 'I love your smile', 'I think Manipulate is about what he went through with the squad', 'so glad to see you happy'],
['nice', 'Very good!', 'so beautiful', 'Amazing', 'Yes', 'nice', 'wow', 'Gorgeous!!!!', 'Just WOW', 'Cool'],
['@Adah  @Aurora us in the winterrrr', '@TyBott wow', '@Alexis alex ale', "y'all it's a cat tail", 'Wild corn dogs are good', 'pvz players: yo cat tail why dont yall know this', 'is that a cat teil  idk what is that', 'That is a Canadian corndog', 'new fear unlocked', 'flower'],
['welcome to the century clu', 'No way Arda Guler signing getting more attention than Jude Bellingham', 'New ozil', 'Again crstiano', 'he just destroyed his career', 'the icon', 'mashallah real', 'he is somali boy', 'This guy is 2005 omg he is living the dream may Allah grant him success', 'The boy just started hes career and already has barcelona haters'],
